"url","status","title","local_path"
"https://dr-allon4.com.tw/","200","微創舒眠植牙、全口重建、牙周病雷射、All-on-4 | 基隆台北新北桃園曾梓豪醫療團隊","site/index.html"
"https://dr-allon4.com.tw/1154/","200","田OO小姐 | 基隆台北新北桃園曾梓豪醫療團隊","site/1154/index.html"
"https://dr-allon4.com.tw/1169/","200","曾OO小姐 | 基隆台北新北桃園曾梓豪醫療團隊","site/1169/index.html"
"https://dr-allon4.com.tw/1171/","200","李OO先生 | 基隆台北新北桃園曾梓豪醫療團隊","site/1171/index.html"
"https://dr-allon4.com.tw/1180/","200","劉OO小姐 | 基隆台北新北桃園曾梓豪醫療團隊","site/1180/index.html"
"https://dr-allon4.com.tw/1190/","200","劉OO小姐 | 基隆台北新北桃園曾梓豪醫療團隊","site/1190/index.html"
"https://dr-allon4.com.tw/1197/","200","楊OO小姐 | 基隆台北新北桃園曾梓豪醫療團隊","site/1197/index.html"
"https://dr-allon4.com.tw/1200/","200","許OO先生 | 基隆台北新北桃園曾梓豪醫療團隊","site/1200/index.html"
"https://dr-allon4.com.tw/1235/","200","一分鐘了解什麼是一日全口重建!!!! | 基隆台北新北桃園曾梓豪醫療團隊","site/1235/index.html"
"https://dr-allon4.com.tw/1239/","200","一日全口重建如何在一天內完成手術及假牙呢？ | 基隆台北新北桃園曾梓豪醫療團隊","site/1239/index.html"
"https://dr-allon4.com.tw/1243/","200","全口重建可以只做前牙就好嗎? | 基隆台北新北桃園曾梓豪醫療團隊","site/1243/index.html"
"https://dr-allon4.com.tw/1246/","200","植牙名醫致敬uncle roger點評系列-1 | 基隆台北新北桃園曾梓豪醫療團隊","site/1246/index.html"
"https://dr-allon4.com.tw/1249/","200","全口重建完加速消腫神器？帶你了解高壓氧 | 基隆台北新北桃園曾梓豪醫療團隊","site/1249/index.html"
"https://dr-allon4.com.tw/1252/","200","什麼是All on 4全口重建? | 基隆台北新北桃園曾梓豪醫療團隊","site/1252/index.html"
"https://dr-allon4.com.tw/1259/","200","史o禾 | 基隆台北新北桃園曾梓豪醫療團隊","site/1259/index.html"
"https://dr-allon4.com.tw/1262/","200","黃o翊 | 基隆台北新北桃園曾梓豪醫療團隊","site/1262/index.html"
"https://dr-allon4.com.tw/1264/","200","黃o瑄 | 基隆台北新北桃園曾梓豪醫療團隊","site/1264/index.html"
"https://dr-allon4.com.tw/1266/","200","何o儀 | 基隆台北新北桃園曾梓豪醫療團隊","site/1266/index.html"
"https://dr-allon4.com.tw/1268/","200","do宙 | 基隆台北新北桃園曾梓豪醫療團隊","site/1268/index.html"
"https://dr-allon4.com.tw/1270/","200","林o慧 | 基隆台北新北桃園曾梓豪醫療團隊","site/1270/index.html"
"https://dr-allon4.com.tw/1272/","200","Roh | 基隆台北新北桃園曾梓豪醫療團隊","site/1272/index.html"
"https://dr-allon4.com.tw/1274/","200","李o珺 | 基隆台北新北桃園曾梓豪醫療團隊","site/1274/index.html"
"https://dr-allon4.com.tw/1276/","200","羅o恰 | 基隆台北新北桃園曾梓豪醫療團隊","site/1276/index.html"
"https://dr-allon4.com.tw/1279/","200","Eon | 基隆台北新北桃園曾梓豪醫療團隊","site/1279/index.html"
"https://dr-allon4.com.tw/1281/","200","顆o栗 | 基隆台北新北桃園曾梓豪醫療團隊","site/1281/index.html"
"https://dr-allon4.com.tw/1283/","200","林o億 | 基隆台北新北桃園曾梓豪醫療團隊","site/1283/index.html"
"https://dr-allon4.com.tw/1285/","200","黃o硯 | 基隆台北新北桃園曾梓豪醫療團隊","site/1285/index.html"
"https://dr-allon4.com.tw/1287/","200","党o芸 | 基隆台北新北桃園曾梓豪醫療團隊","site/1287/index.html"
"https://dr-allon4.com.tw/1289/","200","陶o芝 | 基隆台北新北桃園曾梓豪醫療團隊","site/1289/index.html"
"https://dr-allon4.com.tw/1291/","200","陳o瑾 | 基隆台北新北桃園曾梓豪醫療團隊","site/1291/index.html"
"https://dr-allon4.com.tw/1293/","200","方o華 | 基隆台北新北桃園曾梓豪醫療團隊","site/1293/index.html"
"https://dr-allon4.com.tw/1295/","200","黃o婷 | 基隆台北新北桃園曾梓豪醫療團隊","site/1295/index.html"
"https://dr-allon4.com.tw/1297/","200","李o娟 | 基隆台北新北桃園曾梓豪醫療團隊","site/1297/index.html"
"https://dr-allon4.com.tw/1299/","200","林o燕 | 基隆台北新北桃園曾梓豪醫療團隊","site/1299/index.html"
"https://dr-allon4.com.tw/1301/","200","鄭o雄 | 基隆台北新北桃園曾梓豪醫療團隊","site/1301/index.html"
"https://dr-allon4.com.tw/1360/","200","誰適合做 All-on-4？醫師教你 3 秒判斷 | 基隆台北新北桃園曾梓豪醫療團隊","site/1360/index.html"
"https://dr-allon4.com.tw/1385/","200","All-on-4 全口重建懶人包：費用、風險與骨量評估 5 大關鍵一次看懂 | 基隆台北新北桃園曾梓豪醫療團隊","site/1385/index.html"
"https://dr-allon4.com.tw/1410/","200","完整常見問答 FAQ | 基隆台北新北桃園曾梓豪醫療團隊","site/1410/index.html"
"https://dr-allon4.com.tw/1420/","200","活動假牙一直掉？All-on-4 與傳統全口植牙、活動假牙優缺點終極評比 | 基隆台北新北桃園曾梓豪醫療團隊","site/1420/index.html"
"https://dr-allon4.com.tw/1442/","200","All-on-4 安全嗎？公開 3 大風險與失敗原因，如何提高成功率？ | 基隆台北新北桃園曾梓豪醫療團隊","site/1442/index.html"
"https://dr-allon4.com.tw/1458/","200","基隆／桃園全口重建推薦：不想讓長輩舟車勞頓？在地完成全口重建的 3 個實際優勢 | 基隆台北新北桃園曾梓豪醫療團隊","site/1458/index.html"
"https://dr-allon4.com.tw/1466/","200","牙齒搖晃、牙齦萎縮還有救嗎？醫師解析：為何 All-on-4 是嚴重牙周病患的「高效重建選擇」？ | 基隆台北新北桃園曾梓豪醫療團隊","site/1466/index.html"
"https://dr-allon4.com.tw/1480/","200","全口重建需要植幾顆？醫師解析：All-on-4 只種 4 顆就夠穩的「力學秘密」 vs. 傳統植牙 | 基隆台北新北桃園曾梓豪醫療團隊","site/1480/index.html"
"https://dr-allon4.com.tw/1492/","200","爸媽牙齒掉光卻捨不得種？醫師傳授：子女必讀的 3 招溝通心法與全口重建評估 | 基隆台北新北桃園曾梓豪醫療團隊","site/1492/index.html"
"https://dr-allon4.com.tw/1495/","200","All-on-4 手術當天會痛嗎？需住院嗎？醫師開箱：一日全口重建的「重生之旅」 | 基隆台北新北桃園曾梓豪醫療團隊","site/1495/index.html"
"https://dr-allon4.com.tw/1505/","200","做 All-on-4 會後悔嗎？網路上沒說的 3 個失敗真相與避雷指南 | 基隆台北新北桃園曾梓豪醫療團隊","site/1505/index.html"
"https://dr-allon4.com.tw/1509/","200","All-on-4 診所挑選終極指南：醫師公開 4 大「隱形評估標準」，選對才能用一輩子 | 基隆台北新北桃園曾梓豪醫療團隊","site/1509/index.html"
"https://dr-allon4.com.tw/327/","200","liu | 基隆台北新北桃園曾梓豪醫療團隊","site/327/index.html"
"https://dr-allon4.com.tw/329/","200","Joy Hsieh | 基隆台北新北桃園曾梓豪醫療團隊","site/329/index.html"
"https://dr-allon4.com.tw/331/","200","林涵以 | 基隆台北新北桃園曾梓豪醫療團隊","site/331/index.html"
"https://dr-allon4.com.tw/333/","200","羅光志 | 基隆台北新北桃園曾梓豪醫療團隊","site/333/index.html"
"https://dr-allon4.com.tw/340/","200","Celine Pan | 基隆台北新北桃園曾梓豪醫療團隊","site/340/index.html"
"https://dr-allon4.com.tw/343/","200","Natalie主持人 娜塔莉 | 基隆台北新北桃園曾梓豪醫療團隊","site/343/index.html"
"https://dr-allon4.com.tw/346/","200","Yu Ning Lee | 基隆台北新北桃園曾梓豪醫療團隊","site/346/index.html"
"https://dr-allon4.com.tw/348/","200","Sing Yi Chen | 基隆台北新北桃園曾梓豪醫療團隊","site/348/index.html"
"https://dr-allon4.com.tw/350/","200","gtkof2 | 基隆台北新北桃園曾梓豪醫療團隊","site/350/index.html"
"https://dr-allon4.com.tw/352/","200","Judy Chang | 基隆台北新北桃園曾梓豪醫療團隊","site/352/index.html"
"https://dr-allon4.com.tw/354/","200","啪呆啪呆 | 基隆台北新北桃園曾梓豪醫療團隊","site/354/index.html"
"https://dr-allon4.com.tw/356/","200","玄爵 | 基隆台北新北桃園曾梓豪醫療團隊","site/356/index.html"
"https://dr-allon4.com.tw/358/","200","Georgina Yan | 基隆台北新北桃園曾梓豪醫療團隊","site/358/index.html"
"https://dr-allon4.com.tw/360/","200","Anthony Yang | 基隆台北新北桃園曾梓豪醫療團隊","site/360/index.html"
"https://dr-allon4.com.tw/363/","200","Shih Ching Chen | 基隆台北新北桃園曾梓豪醫療團隊","site/363/index.html"
"https://dr-allon4.com.tw/367/","200","You Syuan Li | 基隆台北新北桃園曾梓豪醫療團隊","site/367/index.html"
"https://dr-allon4.com.tw/369/","200","Diana Sue | 基隆台北新北桃園曾梓豪醫療團隊","site/369/index.html"
"https://dr-allon4.com.tw/371/","200","DanDan Wang | 基隆台北新北桃園曾梓豪醫療團隊","site/371/index.html"
"https://dr-allon4.com.tw/373/","200","謝瑋銘 | 基隆台北新北桃園曾梓豪醫療團隊","site/373/index.html"
"https://dr-allon4.com.tw/375/","200","Bebe Lin | 基隆台北新北桃園曾梓豪醫療團隊","site/375/index.html"
"https://dr-allon4.com.tw/382/","200","全口重建植牙專科【下】 | 基隆台北新北桃園曾梓豪醫療團隊","site/382/index.html"
"https://dr-allon4.com.tw/385/","200","全口重建植牙專科【上】 | 基隆台北新北桃園曾梓豪醫療團隊","site/385/index.html"
"https://dr-allon4.com.tw/388/","200","All-On-4 成功見證患者分享 | 基隆台北新北桃園曾梓豪醫療團隊","site/388/index.html"
"https://dr-allon4.com.tw/391/","200","【曾梓豪醫師】All on 4 全口重建療程 | 基隆台北新北桃園曾梓豪醫療團隊","site/391/index.html"
"https://dr-allon4.com.tw/394/","200","不用拔牙為您治療嚴重蛀牙！ | 基隆台北新北桃園曾梓豪醫療團隊","site/394/index.html"
"https://dr-allon4.com.tw/397/","200","全口植牙迷思：老人是否適合做全口植牙 | 基隆台北新北桃園曾梓豪醫療團隊","site/397/index.html"
"https://dr-allon4.com.tw/403/","200","恭賀曾梓豪醫師 榮登 【良醫健康網】 | 基隆台北新北桃園曾梓豪醫療團隊","site/403/index.html"
"https://dr-allon4.com.tw/406/","200","如何避免牙齒變黃 | 基隆台北新北桃園曾梓豪醫療團隊","site/406/index.html"
"https://dr-allon4.com.tw/411/","200","有效地預防牙周病 | 基隆台北新北桃園曾梓豪醫療團隊","site/411/index.html"
"https://dr-allon4.com.tw/414/","200","牙齒美白的種類與優缺點 | 基隆台北新北桃園曾梓豪醫療團隊","site/414/index.html"
"https://dr-allon4.com.tw/417/","200","植體材質有哪些？3種主要植體材質介紹 | 基隆台北新北桃園曾梓豪醫療團隊","site/417/index.html"
"https://dr-allon4.com.tw/424/","200","傳統植牙和All-on-4全口重建要如何選擇? | 基隆台北新北桃園曾梓豪醫療團隊","site/424/index.html"
"https://dr-allon4.com.tw/427/","200","平價植牙 VS 一般植牙 | 基隆台北新北桃園曾梓豪醫療團隊","site/427/index.html"
"https://dr-allon4.com.tw/430/","200","如何判斷 全口重建ALL-ON-4 (All on 4) 適合我嗎? | 基隆台北新北桃園曾梓豪醫療團隊","site/430/index.html"
"https://dr-allon4.com.tw/433/","200","如何判斷是否為牙周病的症狀? | 基隆台北新北桃園曾梓豪醫療團隊","site/433/index.html"
"https://dr-allon4.com.tw/436/","200","全口重建該選擇 All-on-4 (All on 4 )或是 All-on-6 (All on 6 ) 呢? | 基隆台北新北桃園曾梓豪醫療團隊","site/436/index.html"
"https://dr-allon4.com.tw/439/","200","如果有 All on 4／6全口重建需求 ，材質跟品牌的選擇重要嗎? | 基隆台北新北桃園曾梓豪醫療團隊","site/439/index.html"
"https://dr-allon4.com.tw/442/","200","All-on-4 術後清潔須知 | 基隆台北新北桃園曾梓豪醫療團隊","site/442/index.html"
"https://dr-allon4.com.tw/449/","200","做牙科手術不知道怎麼保險嗎?曾梓豪醫師來告訴你 | 基隆台北新北桃園曾梓豪醫療團隊","site/449/index.html"
"https://dr-allon4.com.tw/452/","200","牙周病是否需要手術治療？ | 基隆台北新北桃園曾梓豪醫療團隊","site/452/index.html"
"https://dr-allon4.com.tw/455/","200","找口碑好評的牙醫師?絕不能錯過曾梓豪醫療團隊 | 基隆台北新北桃園曾梓豪醫療團隊","site/455/index.html"
"https://dr-allon4.com.tw/458/","200","牙周病患者是否可以進行All-on-4手術？ | 基隆台北新北桃園曾梓豪醫療團隊","site/458/index.html"
"https://dr-allon4.com.tw/cases/","200","牙齒看診怕醫師不夠力，來看看我們牙齒診療後的豐碩成果吧! | 基隆台北新北桃園曾梓豪醫療團隊","site/cases/index.html"
"https://dr-allon4.com.tw/cases/minimally-invasive/","200","微創舒眠植牙 | 基隆台北新北桃園曾梓豪醫療團隊","site/cases/minimally-invasive/index.html"
"https://dr-allon4.com.tw/certificate/","200","擁有全口重建Allon4、植牙相關證書，醫師專業不是蓋的 ! | 基隆台北新北桃園曾梓豪醫療團隊","site/certificate/index.html"
"https://dr-allon4.com.tw/feed/","200","基隆台北新北桃園曾梓豪醫療團隊","site/feed/index.html"
"https://dr-allon4.com.tw/map/","200","基隆、台北、新北、桃園，皆有曾梓豪醫師的服務據點 | 基隆台北新北桃園曾梓豪醫療團隊","site/map/index.html"
"https://dr-allon4.com.tw/news/","200","牙齒諮詢、保健知識，不定時更新的好地方 | 基隆台北新北桃園曾梓豪醫療團隊","site/news/index.html"
"https://dr-allon4.com.tw/news/about-the-doctor/","200","關於醫師 | 基隆台北新北桃園曾梓豪醫療團隊","site/news/about-the-doctor/index.html"
"https://dr-allon4.com.tw/news/medical-knowledge/","200","醫療知識 | 基隆台北新北桃園曾梓豪醫療團隊","site/news/medical-knowledge/index.html"
"https://dr-allon4.com.tw/recommend/","200","口碑 | 基隆台北新北桃園曾梓豪醫療團隊","site/recommend/index.html"
"https://dr-allon4.com.tw/recommend/fb-good/","200","fb好評 | 基隆台北新北桃園曾梓豪醫療團隊","site/recommend/fb-good/index.html"
"https://dr-allon4.com.tw/recommend/google-good/","200","google好評 | 基隆台北新北桃園曾梓豪醫療團隊","site/recommend/google-good/index.html"
"https://dr-allon4.com.tw/service/","200","微創植牙、雷射牙周、allon4全口重建、雷射牙周 專長服務 ! | 基隆台北新北桃園曾梓豪醫療團隊","site/service/index.html"
"https://dr-allon4.com.tw/service/allon4/","200","何謂All-on-4全口重建，什麼人適合此手術? | 基隆台北新北桃園曾梓豪醫療團隊","site/service/allon4/index.html"
"https://dr-allon4.com.tw/service/flapless/","200","微創植牙是什麼? | 基隆台北新北桃園曾梓豪醫療團隊","site/service/flapless/index.html"
"https://dr-allon4.com.tw/service/periodontal/","200","牙周病如何治療? | 基隆台北新北桃園曾梓豪醫療團隊","site/service/periodontal/index.html"
"https://dr-allon4.com.tw/service/porcelain/","200","何謂牙科美學? | 基隆台北新北桃園曾梓豪醫療團隊","site/service/porcelain/index.html"
"https://dr-allon4.com.tw/service/reconstruction/","200","何謂植牙全口重建? | 基隆台北新北桃園曾梓豪醫療團隊","site/service/reconstruction/index.html"
"https://dr-allon4.com.tw/service/tci/","200","何謂舒眠植牙? | 基隆台北新北桃園曾梓豪醫療團隊","site/service/tci/index.html"
"https://dr-allon4.com.tw/video/","200","療程故事 | 基隆台北新北桃園曾梓豪醫療團隊","site/video/index.html"
"https://dr-allon4.com.tw/video/patient-testimonials/","200","病人見證 | 基隆台北新北桃園曾梓豪醫療團隊","site/video/patient-testimonials/index.html"
"https://dr-allon4.com.tw/video/treatment-introduction/","200","療程介紹 | 基隆台北新北桃園曾梓豪醫療團隊","site/video/treatment-introduction/index.html"
"https://dr-allon4.com.tw/wp-json/","200","","site/wp-json/index.html"
"https://dr-allon4.com.tw/wp-json/oembed/1.0/embed/","200","","site/wp-json/oembed/1.0/embed/index.html"
"https://dr-allon4.com.tw/wp-json/wp/v2/pages/120/","200","","site/wp-json/wp/v2/pages/120/index.html"
"https://dr-allon4.com.tw/wp-json/wp/v2/pages/124/","200","","site/wp-json/wp/v2/pages/124/index.html"
"https://dr-allon4.com.tw/wp-json/wp/v2/pages/129/","200","","site/wp-json/wp/v2/pages/129/index.html"
"https://dr-allon4.com.tw/wp-json/wp/v2/pages/131/","200","","site/wp-json/wp/v2/pages/131/index.html"
"https://dr-allon4.com.tw/wp-json/wp/v2/pages/151/","200","","site/wp-json/wp/v2/pages/151/index.html"
"https://dr-allon4.com.tw/wp-json/wp/v2/pages/669/","200","","site/wp-json/wp/v2/pages/669/index.html"
"https://dr-allon4.com.tw/wp-json/wp/v2/pages/682/","200","","site/wp-json/wp/v2/pages/682/index.html"
"https://dr-allon4.com.tw/wp-json/wp/v2/posts/1154/","200","","site/wp-json/wp/v2/posts/1154/index.html"
"https://dr-allon4.com.tw/wp-json/wp/v2/posts/1169/","200","","site/wp-json/wp/v2/posts/1169/index.html"
"https://dr-allon4.com.tw/wp-json/wp/v2/posts/1171/","200","","site/wp-json/wp/v2/posts/1171/index.html"
"https://dr-allon4.com.tw/wp-json/wp/v2/posts/1180/","200","","site/wp-json/wp/v2/posts/1180/index.html"
"https://dr-allon4.com.tw/wp-json/wp/v2/posts/1190/","200","","site/wp-json/wp/v2/posts/1190/index.html"
"https://dr-allon4.com.tw/wp-json/wp/v2/posts/1197/","200","","site/wp-json/wp/v2/posts/1197/index.html"
"https://dr-allon4.com.tw/wp-json/wp/v2/posts/1200/","200","","site/wp-json/wp/v2/posts/1200/index.html"
"https://dr-allon4.com.tw/wp-json/wp/v2/posts/1235/","200","","site/wp-json/wp/v2/posts/1235/index.html"
"https://dr-allon4.com.tw/wp-json/wp/v2/posts/1239/","200","","site/wp-json/wp/v2/posts/1239/index.html"
"https://dr-allon4.com.tw/wp-json/wp/v2/posts/1243/","200","","site/wp-json/wp/v2/posts/1243/index.html"
"https://dr-allon4.com.tw/wp-json/wp/v2/posts/1246/","200","","site/wp-json/wp/v2/posts/1246/index.html"
"https://dr-allon4.com.tw/wp-json/wp/v2/posts/1249/","200","","site/wp-json/wp/v2/posts/1249/index.html"
"https://dr-allon4.com.tw/wp-json/wp/v2/posts/1252/","200","","site/wp-json/wp/v2/posts/1252/index.html"
"https://dr-allon4.com.tw/wp-json/wp/v2/posts/1259/","200","","site/wp-json/wp/v2/posts/1259/index.html"
"https://dr-allon4.com.tw/wp-json/wp/v2/posts/1262/","200","","site/wp-json/wp/v2/posts/1262/index.html"
"https://dr-allon4.com.tw/wp-json/wp/v2/posts/1264/","200","","site/wp-json/wp/v2/posts/1264/index.html"
"https://dr-allon4.com.tw/wp-json/wp/v2/posts/1266/","200","","site/wp-json/wp/v2/posts/1266/index.html"
"https://dr-allon4.com.tw/wp-json/wp/v2/posts/1268/","200","","site/wp-json/wp/v2/posts/1268/index.html"
"https://dr-allon4.com.tw/wp-json/wp/v2/posts/1270/","200","","site/wp-json/wp/v2/posts/1270/index.html"
"https://dr-allon4.com.tw/wp-json/wp/v2/posts/1272/","200","","site/wp-json/wp/v2/posts/1272/index.html"
"https://dr-allon4.com.tw/wp-json/wp/v2/posts/1274/","200","","site/wp-json/wp/v2/posts/1274/index.html"
"https://dr-allon4.com.tw/wp-json/wp/v2/posts/1276/","200","","site/wp-json/wp/v2/posts/1276/index.html"
"https://dr-allon4.com.tw/wp-json/wp/v2/posts/1279/","200","","site/wp-json/wp/v2/posts/1279/index.html"
"https://dr-allon4.com.tw/wp-json/wp/v2/posts/1281/","200","","site/wp-json/wp/v2/posts/1281/index.html"
"https://dr-allon4.com.tw/wp-json/wp/v2/posts/1283/","200","","site/wp-json/wp/v2/posts/1283/index.html"
"https://dr-allon4.com.tw/wp-json/wp/v2/posts/1285/","200","","site/wp-json/wp/v2/posts/1285/index.html"
"https://dr-allon4.com.tw/wp-json/wp/v2/posts/1287/","200","","site/wp-json/wp/v2/posts/1287/index.html"
"https://dr-allon4.com.tw/wp-json/wp/v2/posts/1289/","200","","site/wp-json/wp/v2/posts/1289/index.html"
"https://dr-allon4.com.tw/wp-json/wp/v2/posts/1291/","200","","site/wp-json/wp/v2/posts/1291/index.html"
"https://dr-allon4.com.tw/wp-json/wp/v2/posts/1293/","200","","site/wp-json/wp/v2/posts/1293/index.html"
"https://dr-allon4.com.tw/wp-json/wp/v2/posts/1295/","200","","site/wp-json/wp/v2/posts/1295/index.html"
"https://dr-allon4.com.tw/wp-json/wp/v2/posts/1297/","200","","site/wp-json/wp/v2/posts/1297/index.html"
"https://dr-allon4.com.tw/wp-json/wp/v2/posts/1299/","200","","site/wp-json/wp/v2/posts/1299/index.html"
"https://dr-allon4.com.tw/wp-json/wp/v2/posts/1301/","200","","site/wp-json/wp/v2/posts/1301/index.html"
"https://dr-allon4.com.tw/wp-json/wp/v2/posts/1360/","200","","site/wp-json/wp/v2/posts/1360/index.html"
"https://dr-allon4.com.tw/wp-json/wp/v2/posts/1385/","200","","site/wp-json/wp/v2/posts/1385/index.html"
"https://dr-allon4.com.tw/wp-json/wp/v2/posts/1410/","200","","site/wp-json/wp/v2/posts/1410/index.html"
"https://dr-allon4.com.tw/wp-json/wp/v2/posts/1420/","200","","site/wp-json/wp/v2/posts/1420/index.html"
"https://dr-allon4.com.tw/wp-json/wp/v2/posts/1442/","200","","site/wp-json/wp/v2/posts/1442/index.html"
"https://dr-allon4.com.tw/wp-json/wp/v2/posts/1458/","200","","site/wp-json/wp/v2/posts/1458/index.html"
"https://dr-allon4.com.tw/wp-json/wp/v2/posts/1466/","200","","site/wp-json/wp/v2/posts/1466/index.html"
"https://dr-allon4.com.tw/wp-json/wp/v2/posts/1480/","200","","site/wp-json/wp/v2/posts/1480/index.html"
"https://dr-allon4.com.tw/wp-json/wp/v2/posts/1492/","200","","site/wp-json/wp/v2/posts/1492/index.html"
"https://dr-allon4.com.tw/wp-json/wp/v2/posts/1495/","200","","site/wp-json/wp/v2/posts/1495/index.html"
"https://dr-allon4.com.tw/wp-json/wp/v2/posts/1505/","200","","site/wp-json/wp/v2/posts/1505/index.html"
"https://dr-allon4.com.tw/wp-json/wp/v2/posts/1509/","200","","site/wp-json/wp/v2/posts/1509/index.html"
"https://dr-allon4.com.tw/wp-json/wp/v2/posts/327/","200","","site/wp-json/wp/v2/posts/327/index.html"
"https://dr-allon4.com.tw/wp-json/wp/v2/posts/329/","200","","site/wp-json/wp/v2/posts/329/index.html"
"https://dr-allon4.com.tw/wp-json/wp/v2/posts/331/","200","","site/wp-json/wp/v2/posts/331/index.html"
"https://dr-allon4.com.tw/wp-json/wp/v2/posts/333/","200","","site/wp-json/wp/v2/posts/333/index.html"
"https://dr-allon4.com.tw/wp-json/wp/v2/posts/340/","200","","site/wp-json/wp/v2/posts/340/index.html"
"https://dr-allon4.com.tw/wp-json/wp/v2/posts/343/","200","","site/wp-json/wp/v2/posts/343/index.html"
"https://dr-allon4.com.tw/wp-json/wp/v2/posts/346/","200","","site/wp-json/wp/v2/posts/346/index.html"
"https://dr-allon4.com.tw/wp-json/wp/v2/posts/348/","200","","site/wp-json/wp/v2/posts/348/index.html"
"https://dr-allon4.com.tw/wp-json/wp/v2/posts/350/","200","","site/wp-json/wp/v2/posts/350/index.html"
"https://dr-allon4.com.tw/wp-json/wp/v2/posts/352/","200","","site/wp-json/wp/v2/posts/352/index.html"
"https://dr-allon4.com.tw/wp-json/wp/v2/posts/354/","200","","site/wp-json/wp/v2/posts/354/index.html"
"https://dr-allon4.com.tw/wp-json/wp/v2/posts/356/","200","","site/wp-json/wp/v2/posts/356/index.html"
"https://dr-allon4.com.tw/wp-json/wp/v2/posts/358/","200","","site/wp-json/wp/v2/posts/358/index.html"
"https://dr-allon4.com.tw/wp-json/wp/v2/posts/360/","200","","site/wp-json/wp/v2/posts/360/index.html"
"https://dr-allon4.com.tw/wp-json/wp/v2/posts/363/","200","","site/wp-json/wp/v2/posts/363/index.html"
"https://dr-allon4.com.tw/wp-json/wp/v2/posts/367/","200","","site/wp-json/wp/v2/posts/367/index.html"
"https://dr-allon4.com.tw/wp-json/wp/v2/posts/369/","200","","site/wp-json/wp/v2/posts/369/index.html"
"https://dr-allon4.com.tw/wp-json/wp/v2/posts/371/","200","","site/wp-json/wp/v2/posts/371/index.html"
"https://dr-allon4.com.tw/wp-json/wp/v2/posts/373/","200","","site/wp-json/wp/v2/posts/373/index.html"
"https://dr-allon4.com.tw/wp-json/wp/v2/posts/375/","200","","site/wp-json/wp/v2/posts/375/index.html"
"https://dr-allon4.com.tw/wp-json/wp/v2/posts/382/","200","","site/wp-json/wp/v2/posts/382/index.html"
"https://dr-allon4.com.tw/wp-json/wp/v2/posts/385/","200","","site/wp-json/wp/v2/posts/385/index.html"
"https://dr-allon4.com.tw/wp-json/wp/v2/posts/388/","200","","site/wp-json/wp/v2/posts/388/index.html"
"https://dr-allon4.com.tw/wp-json/wp/v2/posts/391/","200","","site/wp-json/wp/v2/posts/391/index.html"
"https://dr-allon4.com.tw/wp-json/wp/v2/posts/394/","200","","site/wp-json/wp/v2/posts/394/index.html"
"https://dr-allon4.com.tw/wp-json/wp/v2/posts/397/","200","","site/wp-json/wp/v2/posts/397/index.html"
"https://dr-allon4.com.tw/wp-json/wp/v2/posts/403/","200","","site/wp-json/wp/v2/posts/403/index.html"
"https://dr-allon4.com.tw/wp-json/wp/v2/posts/406/","200","","site/wp-json/wp/v2/posts/406/index.html"
"https://dr-allon4.com.tw/wp-json/wp/v2/posts/411/","200","","site/wp-json/wp/v2/posts/411/index.html"
"https://dr-allon4.com.tw/wp-json/wp/v2/posts/414/","200","","site/wp-json/wp/v2/posts/414/index.html"
"https://dr-allon4.com.tw/wp-json/wp/v2/posts/417/","200","","site/wp-json/wp/v2/posts/417/index.html"
"https://dr-allon4.com.tw/wp-json/wp/v2/posts/424/","200","","site/wp-json/wp/v2/posts/424/index.html"
"https://dr-allon4.com.tw/wp-json/wp/v2/posts/427/","200","","site/wp-json/wp/v2/posts/427/index.html"
"https://dr-allon4.com.tw/wp-json/wp/v2/posts/430/","200","","site/wp-json/wp/v2/posts/430/index.html"
"https://dr-allon4.com.tw/wp-json/wp/v2/posts/433/","200","","site/wp-json/wp/v2/posts/433/index.html"
"https://dr-allon4.com.tw/wp-json/wp/v2/posts/436/","200","","site/wp-json/wp/v2/posts/436/index.html"
"https://dr-allon4.com.tw/wp-json/wp/v2/posts/439/","200","","site/wp-json/wp/v2/posts/439/index.html"
"https://dr-allon4.com.tw/wp-json/wp/v2/posts/442/","200","","site/wp-json/wp/v2/posts/442/index.html"
"https://dr-allon4.com.tw/wp-json/wp/v2/posts/449/","200","","site/wp-json/wp/v2/posts/449/index.html"
"https://dr-allon4.com.tw/wp-json/wp/v2/posts/452/","200","","site/wp-json/wp/v2/posts/452/index.html"
"https://dr-allon4.com.tw/wp-json/wp/v2/posts/455/","200","","site/wp-json/wp/v2/posts/455/index.html"
"https://dr-allon4.com.tw/wp-json/wp/v2/posts/458/","200","","site/wp-json/wp/v2/posts/458/index.html"
